{
  "data": [
    {
      "question": "Which of the following is the major element in earth crust?",
      "choices": ["Silicon", "Oxygen", "Iron", "Aluminium"],
      "answer": "Oxygen"
    },
    {
      "question": "Which among the following country is known as “Land of White Elephant”?",
      "choices": ["India", "Sri Lanka", "UAE", "Thailand"],
      "answer": "Thailand"
    },
    {
      "question": "What is the capital of Austria ?",
      "choices": ["Graz", "Salzburg", "Innsbruck", "Vienna"],
      "answer": "Vienna"
    },
    {
      "question": "The term Ground Stroke is associated with which of the following games?",
      "choices": ["Cricket", "Badminton", "Tennis", "Draughts"],
      "answer": "Tennis"
    },
    {
      "question": "What is the name of the biggest planet in our solar system ?",
      "choices": ["Mars", "Jupiter", "Earth", "Mercury"],
      "answer": "Jupiter"
    }
  ]
}